{"cameraMode":{"drawMode":0,"name":"Shaded","section":"Shading Mode"},"sceneLighting":true,"audioPlay":false,"sceneViewState":{"m_AlwaysRefresh":false,"showFog":true,"showSkybox":true,"showFlares":true,"showImageEffects":true,"showParticleSystems":true,"showVisualEffectGraphs":true,"m_FxEnabled":true},"in2DMode":false,"pivot":{"x":7.855161666870117,"y":-7.197159767150879,"z":9.288691520690918},"rotation":{"x":0.5056496858596802,"y":-0.025874298065900804,"z":0.015174099244177342,"w":0.8622180819511414},"size":9.566003799438477,"orthographic":false}