{"cameraMode":{"drawMode":0,"name":"Shaded","section":"Shading Mode"},"sceneLighting":true,"audioPlay":false,"sceneViewState":{"m_AlwaysRefresh":false,"showFog":true,"showSkybox":true,"showFlares":true,"showImageEffects":true,"showParticleSystems":true,"showVisualEffectGraphs":true,"m_FxEnabled":true},"in2DMode":false,"pivot":{"x":6.675758361816406,"y":-8.697746276855469,"z":11.192618370056153},"rotation":{"x":0.40373098850250246,"y":-0.09306085109710694,"z":0.04132402688264847,"w":0.9091944098472595},"size":9.096673965454102,"orthographic":false}