{"cameraMode":{"drawMode":0,"name":"Shaded","section":"Shading Mode"},"sceneLighting":true,"audioPlay":false,"sceneViewState":{"m_AlwaysRefresh":false,"showFog":true,"showSkybox":true,"showFlares":true,"showImageEffects":true,"showParticleSystems":true,"showVisualEffectGraphs":true,"m_FxEnabled":true},"in2DMode":false,"pivot":{"x":12.464887619018555,"y":-1.284865140914917,"z":2.405226230621338},"rotation":{"x":0.44712916016578677,"y":-0.12933821976184846,"z":0.06552054733037949,"w":0.8826412558555603},"size":16.628171920776368,"orthographic":false}